id,ORIENTATION
5119,Surendettement
2519,Mediation
6320,Mediation
2841,Mediation
7840,Accompagnement
1613,Mediation
4883,Accompagnement
75,Accompagnement
5836,Accompagnement
7773,Surendettement
233,Mediation
7881,Mediation
1733,Mediation
3035,Surendettement
6124,Surendettement
5489,Mediation
1342,Mediation
4676,Mediation
5359,Accompagnement
296,Accompagnement
1018,Accompagnement
1945,Mediation
599,Mediation
2045,Mediation
41,Accompagnement
1595,Mediation
3805,Accompagnement
1231,Accompagnement
6106,Mediation
339,Accompagnement
5801,Mediation
3016,Mediation
2034,Mediation
147,Mediation
7894,Mediation
4428,Surendettement
892,Mediation
5932,Mediation
3166,Mediation
3754,Mediation
2241,Mediation
2910,Accompagnement
1354,Accompagnement
4212,Mediation
4304,Mediation
1927,Mediation
3010,Mediation
1782,Mediation
6372,Mediation
7675,Accompagnement
4799,Surendettement
3620,Surendettement
5902,Accompagnement
5649,Mediation
5541,Accompagnement
71,Surendettement
4029,Accompagnement
3587,Accompagnement
7716,Mediation
4750,Surendettement
6273,Mediation
6489,Accompagnement
4912,Mediation
639,Mediation
3997,Mediation
2934,Mediation
2309,Mediation
5935,Mediation
7712,Mediation
6848,Surendettement
2181,Mediation
4278,Mediation
5336,Mediation
3828,Mediation
882,Mediation
2201,Mediation
6353,Mediation
5304,Mediation
5518,Accompagnement
7357,Accompagnement
7348,Surendettement
5276,Accompagnement
1729,Mediation
936,Mediation
5699,Mediation
2257,Mediation
1404,Mediation
7538,Surendettement
5003,Mediation
4451,Mediation
3802,Mediation
6503,Accompagnement
7580,Accompagnement
6324,Mediation
5075,Accompagnement
4334,Accompagnement
7519,Aucune
5398,Mediation
6820,Mediation
1357,Mediation
3340,Mediation
5486,Accompagnement
7537,Mediation
4280,Mediation
1629,Accompagnement
4319,Mediation
549,Mediation
376,Accompagnement
643,Mediation
6345,Surendettement
5912,Mediation
3930,Accompagnement
1565,Mediation
4592,Mediation
1896,Mediation
87,Mediation
3131,Mediation
3375,Mediation
5390,Mediation
3494,Surendettement
1163,Mediation
6544,Mediation
3082,Mediation
7222,Mediation
1745,Mediation
5472,Mediation
4092,Mediation
4862,Microcredit
2710,Mediation
5407,Mediation
3143,Aucune
6988,Aucune
735,Mediation
6338,Accompagnement
2510,Surendettement
6831,Accompagnement
6750,Mediation
6731,Mediation
1847,Accompagnement
6237,Mediation
2658,Mediation
3858,Surendettement
3539,Accompagnement
2589,Mediation
1262,Mediation
4007,Mediation
7458,Accompagnement
5094,Mediation
6463,Accompagnement
795,Accompagnement
5799,Accompagnement
4062,Accompagnement
5915,Mediation
6891,Mediation
3647,Mediation
2623,Mediation
4548,Mediation
4544,Accompagnement
3081,Mediation
4489,Mediation
5791,Accompagnement
5817,Mediation
4064,Mediation
4418,Mediation
136,Mediation
5842,Accompagnement
4235,Mediation
5547,Accompagnement
585,Mediation
2142,Mediation
460,Mediation
6817,Mediation
1980,Mediation
7901,Accompagnement
145,Accompagnement
6927,Mediation
3660,Accompagnement
5373,Mediation
5173,Accompagnement
3303,Mediation
6924,Accompagnement
4283,Mediation
4397,Mediation
2787,Accompagnement
15,Mediation
4318,Mediation
2022,Mediation
3200,Mediation
5756,Mediation
4303,Surendettement
4947,Accompagnement
2783,Mediation
1505,Mediation
4999,Mediation
7096,Surendettement
1011,Mediation
4569,Mediation
6266,Mediation
1142,Mediation
4022,Mediation
2186,Accompagnement
2536,Accompagnement
6632,Accompagnement
7511,Mediation
5350,Mediation
2575,Mediation
3945,Mediation
5274,Mediation
3632,Accompagnement
302,Mediation
1669,Mediation
5955,Mediation
5829,Mediation
1209,Mediation
7491,Mediation
3042,Mediation
2322,Surendettement
3173,Mediation
4084,Mediation
6997,Mediation
5338,Mediation
6715,Mediation
6291,Mediation
6629,Mediation
3645,Mediation
2722,Mediation
7853,Mediation
1273,Mediation
474,Mediation
2356,Accompagnement
4671,Surendettement
317,Accompagnement
2103,Mediation
7597,Surendettement
4590,Accompagnement
537,Mediation
7126,Mediation
533,Mediation
3843,Mediation
367,Accompagnement
4134,Mediation
5206,Mediation
3907,Mediation
4024,Mediation
1630,Mediation
7047,Mediation
7737,Mediation
415,Mediation
6621,Mediation
5258,Accompagnement
6060,Accompagnement
6004,Accompagnement
5490,Mediation
1863,Mediation
7056,Mediation
5051,Mediation
3290,Mediation
6488,Mediation
270,Accompagnement
7404,Mediation
61,Mediation
4712,Mediation
6931,Accompagnement
1210,Mediation
2001,Mediation
475,Mediation
3673,Mediation
6294,Surendettement
3622,Mediation
5216,Mediation
947,Accompagnement
7078,Mediation
875,Mediation
1721,Accompagnement
1119,Accompagnement
1144,Mediation
7899,Accompagnement
2206,Mediation
1445,Mediation
1288,Mediation
1906,Accompagnement
5506,Accompagnement
427,Accompagnement
363,Accompagnement
5867,Accompagnement
7113,Mediation
516,Mediation
1237,Mediation
6542,Mediation
4794,Mediation
2844,Mediation
4943,Surendettement
3681,Accompagnement
2803,Mediation
3202,Mediation
1761,Mediation
7238,Mediation
6585,Mediation
889,Mediation
5598,Mediation
2259,Mediation
4161,Mediation
5335,Mediation
7292,Accompagnement
1054,Mediation
7299,Mediation
7045,Mediation
646,Mediation
7757,Mediation
3317,Mediation
1666,Mediation
5602,Mediation
1859,Mediation
1981,Accompagnement
2638,Mediation
7830,Mediation
3447,Accompagnement
7142,Mediation
1924,Mediation
1287,Accompagnement
1366,Mediation
645,Accompagnement
6844,Surendettement
4843,Surendettement
236,Mediation
1607,Accompagnement
4779,Mediation
7808,Accompagnement
2360,Aucune
7818,Accompagnement
299,Mediation
3630,Surendettement
7779,Surendettement
5484,Mediation
3650,Mediation
1889,Mediation
2150,Mediation
262,Mediation
1250,Mediation
2854,Mediation
4960,Mediation
431,Mediation
978,Mediation
3507,Mediation
1254,Mediation
4290,Mediation
2373,Mediation
6155,Mediation
6462,Mediation
5264,Mediation
7182,Mediation
2561,Mediation
507,Accompagnement
2321,Mediation
891,Accompagnement
6040,Mediation
47,Accompagnement
6020,Mediation
1239,Mediation
2509,Accompagnement
6703,Mediation
1076,Mediation
4860,Accompagnement
2123,Mediation
4683,Mediation
2527,Microcredit
1091,Mediation
3877,Accompagnement
1426,Mediation
3512,Mediation
7585,Mediation
2484,Surendettement
3410,Mediation
3516,Surendettement
7219,Mediation
7807,Accompagnement
1650,Mediation
7140,Mediation
3261,Mediation
2945,Accompagnement
972,Mediation
2862,Surendettement
4738,Mediation
6894,Mediation
3738,Surendettement
1574,Mediation
1260,Mediation
7298,Mediation
7455,Mediation
4005,Mediation
676,Accompagnement
3548,Mediation
5288,Mediation
6980,Mediation
6076,Accompagnement
2007,Accompagnement
3974,Accompagnement
4286,Surendettement
5054,Accompagnement
1584,Mediation
7108,Mediation
403,Mediation
1063,Mediation
3439,Mediation
3581,Accompagnement
3786,Mediation
7914,Mediation
5347,Mediation
684,Accompagnement
6647,Accompagnement
2823,Mediation
4047,Mediation
4292,Mediation
1836,Mediation
3213,Mediation
2270,Mediation
5769,Mediation
6926,Aucune
6593,Accompagnement
701,Accompagnement
5612,Accompagnement
5424,Mediation
3513,Mediation
398,Mediation
2254,Mediation
3766,Mediation
4393,Mediation
7489,Mediation
2256,Mediation
2232,Mediation
6517,Surendettement
1050,Accompagnement
1027,Mediation
5920,Accompagnement
6947,Mediation
4757,Mediation
7271,Mediation
5925,Mediation
1371,Mediation
6955,Accompagnement
661,Mediation
1503,Mediation
4571,Mediation
7397,Mediation
721,Accompagnement
3427,Mediation
2941,Mediation
3298,Mediation
682,Mediation
6498,Mediation
6420,Accompagnement
7643,Accompagnement
144,Mediation
3186,Mediation
4112,Mediation
3572,Mediation
4380,Mediation
2645,Mediation
6232,Mediation
3181,Mediation
5885,Mediation
4669,Mediation
3169,Accompagnement
6028,Mediation
6967,Surendettement
20,Mediation
6592,Mediation
6317,Mediation
1845,Mediation
7559,Mediation
290,Accompagnement
5451,Mediation
4922,Mediation
3961,Mediation
1157,Accompagnement
5012,Accompagnement
4987,Surendettement
2739,Mediation
6804,Mediation
3116,Mediation
2296,Mediation
2265,Mediation
5314,Mediation
2019,Mediation
6033,Accompagnement
6943,Mediation
5247,Mediation
3953,Mediation
511,Mediation
2986,Mediation
1184,Mediation
216,Mediation
3872,Surendettement
6139,Mediation
4001,Accompagnement
6189,Mediation
4504,Aucune
1434,Mediation
3045,Mediation
457,Mediation
3971,Mediation
3555,Accompagnement
3605,Aucune
4733,Mediation
6163,Mediation
6104,Mediation
82,Mediation
7410,Aucune
3412,Mediation
1918,Mediation
1949,Mediation
7456,Accompagnement
802,Mediation
5864,Mediation
934,Mediation
5076,Mediation
689,Mediation
3049,Mediation
3031,Mediation
7339,Mediation
4227,Accompagnement
1181,Mediation
1792,Mediation
1355,Mediation
4021,Mediation
2962,Accompagnement
3179,Mediation
4638,Mediation
4722,Surendettement
2938,Surendettement
6138,Mediation
5174,Accompagnement
3522,Surendettement
7332,Mediation
1450,Mediation
2745,Surendettement
896,Mediation
1960,Mediation
6218,Mediation
5783,Mediation
6386,Accompagnement
7653,Microcredit
903,Mediation
3550,Mediation
4944,Accompagnement
7463,Mediation
2610,Accompagnement
4766,Mediation
5669,Mediation
6814,Accompagnement
7631,Accompagnement
77,Mediation
6712,Mediation
1775,Mediation
4760,Accompagnement
4664,Surendettement
2882,Accompagnement
3933,Mediation
4299,Mediation
524,Mediation
5684,Mediation
1473,Mediation
5805,Mediation
798,Mediation
4034,Accompagnement
7279,Accompagnement
7646,Mediation
4884,Accompagnement
1532,Mediation
2239,Mediation
7548,Mediation
642,Mediation
1203,Mediation
133,Accompagnement
5727,Mediation
1880,Mediation
3571,Mediation
2374,Mediation
4426,Mediation
1055,Mediation
514,Mediation
2335,Mediation
1456,Mediation
5496,Mediation
4240,Mediation
2112,Accompagnement
7900,Accompagnement
7341,Mediation
157,Surendettement
5776,Surendettement
4068,Surendettement
4851,Mediation
1674,Accompagnement
5077,Surendettement
4865,Mediation
2681,Mediation
3443,Surendettement
5361,Mediation
7221,Mediation
7805,Accompagnement
7203,Accompagnement
2391,Mediation
6606,Mediation
6559,Mediation
3899,Mediation
5966,Mediation
5453,Mediation
5349,Mediation
5294,Mediation
648,Accompagnement
2504,Mediation
2404,Accompagnement
2738,Accompagnement
6566,Mediation
4293,Accompagnement
7313,Surendettement
1815,Mediation
7711,Accompagnement
3030,Accompagnement
7094,Mediation
7441,Accompagnement
1785,Mediation
7827,Mediation
874,Mediation
7867,Mediation
3216,Accompagnement
5546,Mediation
539,Accompagnement
6928,Surendettement
3703,Mediation
4500,Aucune
4378,Mediation
5086,Accompagnement
5348,Mediation
2926,Accompagnement
1701,Mediation
7667,Mediation
2861,Mediation
7436,Mediation
704,Accompagnement
5697,Mediation
6253,Mediation
940,Mediation
3769,Accompagnement
7101,Accompagnement
5126,Mediation
2729,Mediation
5917,Mediation
6823,Accompagnement
4413,Mediation
2869,Mediation
1121,Mediation
3250,Mediation
2317,Mediation
3419,Accompagnement
5196,Aucune
4387,Mediation
4699,Accompagnement
3203,Mediation
6448,Aucune
1921,Mediation
7856,Mediation
1315,Mediation
7727,Mediation
3244,Mediation
3163,Surendettement
2943,Mediation
3889,Mediation
5951,Mediation
5476,Accompagnement
3890,Mediation
6825,Mediation
4429,Mediation
3762,Mediation
3837,Mediation
4968,Mediation
6794,Mediation
1642,Mediation
4808,Mediation
3058,Mediation
441,Mediation
4955,Surendettement
4111,Mediation
1482,Mediation
5166,Mediation
5870,Mediation
5332,Mediation
6688,Mediation
4460,Accompagnement
2647,Mediation
2401,Accompagnement
4863,Mediation
888,Mediation
44,Accompagnement
391,Mediation
6751,Mediation
6053,Mediation
7721,Mediation
1803,Mediation
4622,Mediation
7731,Mediation
2345,Mediation
4977,Mediation
1700,Mediation
6534,Surendettement
2347,Accompagnement
5524,Accompagnement
5855,Accompagnement
7086,Mediation
2131,Mediation
4042,Mediation
6445,Accompagnement
2340,Accompagnement
1723,Accompagnement
5125,Mediation
1114,Mediation
4706,Mediation
1169,Mediation
6968,Mediation
7582,Accompagnement
2311,Mediation
2619,Mediation
3099,Surendettement
6172,Mediation
4621,Mediation
3885,Mediation
5267,Mediation
2450,Mediation
6619,Accompagnement
4748,Mediation
7882,Surendettement
4925,Mediation
5997,Mediation
785,Accompagnement
3039,Mediation
6508,Mediation
783,Mediation
452,Mediation
2283,Mediation
3551,Mediation
6591,Mediation
2672,Mediation
1131,Accompagnement
5695,Mediation
6268,Mediation
2383,Accompagnement
7289,Aucune
4536,Mediation
3527,Accompagnement
6412,Mediation
7857,Mediation
5110,Mediation
7642,Mediation
6881,Mediation
1120,Mediation
7909,Mediation
3963,Mediation
7286,Mediation
1323,Mediation
4842,Mediation
3728,Mediation
5055,Mediation
1611,Mediation
4936,Mediation
5207,Mediation
5728,Mediation
1907,Mediation
7127,Mediation
4502,Mediation
448,Mediation
5975,Mediation
227,Accompagnement
1640,Accompagnement
4837,Accompagnement
2991,Mediation
6562,Mediation
7660,Accompagnement
5256,Accompagnement
4270,Mediation
6763,Accompagnement
3374,Surendettement
3603,Microcredit
6348,Mediation
7710,Accompagnement
4288,Accompagnement
7264,Mediation
3160,Mediation
4889,Mediation
3561,Surendettement
1294,Accompagnement
5285,Mediation
5470,Mediation
5298,Mediation
1052,Mediation
5994,Mediation
1694,Mediation
1754,Mediation
2970,Mediation
910,Mediation
7124,Surendettement
1698,Mediation
5223,Mediation
6256,Mediation
3072,Mediation
3986,Mediation
5108,Mediation
92,Mediation
1362,Mediation
5103,Accompagnement
7012,Mediation
3350,Accompagnement
3559,Mediation
5146,Accompagnement
7833,Accompagnement
6634,Mediation
3759,Surendettement
7216,Accompagnement
5576,Mediation
192,Mediation
812,Mediation
3791,Accompagnement
4075,Mediation
2924,Accompagnement
5687,Mediation
4790,Mediation
3299,Mediation
1814,Mediation
3799,Mediation
7363,Accompagnement
4300,Mediation
1075,Mediation
7122,Accompagnement
6143,Mediation
440,Mediation
3489,Accompagnement
6989,Mediation
1677,Mediation
4643,Mediation
2656,Accompagnement
4984,Accompagnement
329,Accompagnement
556,Accompagnement
6994,Mediation
4311,Mediation
4503,Mediation
167,Accompagnement
5542,Mediation
377,Accompagnement
520,Accompagnement
949,Mediation
6767,Mediation
27,Accompagnement
5047,Mediation
5032,Mediation
4415,Accompagnement
496,Accompagnement
7093,Accompagnement
690,Mediation
1829,Mediation
4226,Accompagnement
4083,Mediation
6984,Mediation
3566,Mediation
1220,Surendettement
1975,Accompagnement
3323,Mediation
3558,Mediation
673,Mediation
2118,Mediation
4179,Mediation
7590,Mediation
2922,Mediation
5297,Mediation
5638,Surendettement
1064,Mediation
5358,Accompagnement
4788,Mediation
2260,Accompagnement
1634,Mediation
323,Mediation
2443,Mediation
6793,Mediation
1390,Mediation
2089,Mediation
4201,Mediation
4952,Mediation
7516,Mediation
2632,Mediation
626,Mediation
2915,Mediation
7484,Mediation
1773,Accompagnement
3000,Mediation
2179,Mediation
412,Accompagnement
6128,Mediation
2278,Mediation
2339,Mediation
7138,Accompagnement
2289,Mediation
6165,Mediation
6740,Mediation
5957,Mediation
7769,Mediation
5485,Accompagnement
5523,Surendettement
574,Mediation
2707,Accompagnement
614,Mediation
25,Accompagnement
3631,Mediation
4591,Mediation
3804,Accompagnement
4479,Accompagnement
1151,Mediation
3845,Mediation
6598,Mediation
908,Mediation
1680,Mediation
5618,Mediation
6486,Mediation
2608,Mediation
6533,Mediation
1685,Mediation
6480,Surendettement
4144,Accompagnement
698,Accompagnement
1168,Mediation
3344,Accompagnement
7128,Mediation
4778,Mediation
4655,Accompagnement
6620,Surendettement
2641,Accompagnement
1649,Accompagnement
1616,Mediation
5865,Mediation
6058,Surendettement
2117,Accompagnement
3497,Surendettement
4082,Mediation
1078,Accompagnement
5777,Mediation
8,Accompagnement
2182,Mediation
575,Mediation
78,Accompagnement
1082,Mediation
4309,Mediation
5014,Mediation
1779,Mediation
467,Mediation
4051,Mediation
6025,Mediation
3700,Surendettement
1986,Accompagnement
968,Mediation
2996,Surendettement
2264,Accompagnement
4792,Mediation
6094,Mediation
3951,Mediation
859,Mediation
5821,Accompagnement
1547,Mediation
4975,Accompagnement
4890,Mediation
4516,Accompagnement
5405,Surendettement
7392,Mediation
6663,Mediation
6041,Mediation
7399,Mediation
6456,Aucune
765,Microcredit
7907,Mediation
4392,Mediation
1003,Mediation
1725,Accompagnement
6272,Mediation
1303,Mediation
7691,Surendettement
5888,Mediation
7902,Mediation
5462,Accompagnement
5745,Mediation
2436,Mediation
21,Mediation
1636,Mediation
1992,Mediation
7324,Mediation
5765,Accompagnement
4732,Mediation
4352,Mediation
6739,Mediation
4385,Mediation
1068,Mediation
731,Accompagnement
4165,Accompagnement
2881,Surendettement
7817,Accompagnement
4170,Mediation
7855,Accompagnement
6932,Mediation
5290,Mediation
6583,Mediation
346,Mediation
2860,Mediation
1874,Mediation
6296,Mediation
4071,Mediation
4682,Mediation
1824,Mediation
7658,Mediation
685,Mediation
6168,Mediation
2081,Mediation
1116,Mediation
361,Accompagnement
7482,Mediation
2955,Surendettement
3059,Surendettement
5828,Mediation
99,Accompagnement
2011,Mediation
5798,Surendettement
3989,Mediation
1126,Mediation
6735,Accompagnement
13,Accompagnement
1141,Mediation
6385,Mediation
1470,Mediation
7476,Mediation
7636,Microcredit
2097,Mediation
5737,Accompagnement
5339,Mediation
3177,Mediation
1158,Mediation
1252,Mediation
550,Accompagnement
2552,Accompagnement
2765,Mediation
1457,Accompagnement
1295,Accompagnement
2956,Surendettement
3245,Mediation
960,Mediation
2408,Accompagnement
2521,Accompagnement
7806,Accompagnement
5860,Mediation
1005,Mediation
7513,Mediation
2453,Mediation
4183,Mediation
709,Mediation
1410,Mediation
256,Mediation
7334,Mediation
6347,Mediation
3052,Surendettement
4653,Mediation
1763,Mediation
1502,Mediation
6242,Surendettement
4774,Mediation
7544,Surendettement
3741,Accompagnement
2406,Accompagnement
4751,Mediation
2564,Mediation
1995,Mediation
7373,Mediation
6366,Mediation
5623,Surendettement
1370,Mediation
6837,Accompagnement
4481,Mediation
2033,Mediation
97,Mediation
5651,Mediation
7380,Mediation
6068,Mediation
6671,Mediation
6662,Mediation
1519,Accompagnement
4628,Accompagnement
718,Mediation
3263,Accompagnement
4054,Mediation
5688,Mediation
1647,Mediation
3335,Mediation
3196,Accompagnement
3820,Mediation
2727,Mediation
1990,Mediation
2155,Mediation
4287,Accompagnement
464,Mediation
6892,Surendettement
1878,Mediation
2133,Mediation
3646,Mediation
4707,Aucune
7499,Mediation
5104,Mediation
4346,Mediation
4314,Mediation
5970,Mediation
4191,Mediation
319,Mediation
918,Mediation
803,Mediation
5813,Accompagnement
5696,Accompagnement
6870,Accompagnement
154,Mediation
5182,Accompagnement
7557,Mediation
4700,Mediation
6821,Mediation
2006,Accompagnement
570,Mediation
48,Mediation
2286,Mediation
4442,Mediation
1200,Mediation
3768,Mediation
4492,Mediation
6526,Mediation
3898,Surendettement
2667,Mediation
2874,Accompagnement
3661,Accompagnement
5634,Mediation
3117,Surendettement
36,Accompagnement
967,Accompagnement
3204,Mediation
3356,Accompagnement
7342,Accompagnement
3483,Surendettement
1107,Accompagnement
7321,Mediation
5603,Accompagnement
1702,Mediation
3611,Mediation
2778,Mediation
5433,Mediation
6460,Mediation
3071,Mediation
7694,Mediation
1648,Mediation
3073,Mediation
3905,Accompagnement
1099,Mediation
5694,Accompagnement
5522,Accompagnement
1997,Mediation
987,Mediation
7304,Mediation
6131,Accompagnement
53,Mediation
3977,Mediation
3965,Mediation
7515,Mediation
235,Mediation
1213,Mediation
4704,Mediation
2087,Mediation
4891,Mediation
79,Mediation
5545,Mediation
3128,Mediation
7601,Mediation
5896,Surendettement
2351,Mediation
7776,Mediation
1660,Mediation
3075,Surendettement
6808,Mediation
4033,Mediation
3199,Mediation
4678,Surendettement
6841,Mediation
3348,Mediation
1183,Mediation
6724,Accompagnement
5622,Mediation
6769,Mediation
7162,Mediation
3626,Mediation
3697,Accompagnement
5930,Mediation
6636,Mediation
6443,Mediation
5356,Mediation
2798,Mediation
7105,Mediation
4988,Mediation
3429,Mediation
1603,Mediation
7414,Mediation
308,Mediation
7581,Accompagnement
7425,Accompagnement
2606,Mediation
2802,Mediation
6987,Mediation
7061,Mediation
2724,Accompagnement
1110,Accompagnement
6446,Mediation
2965,Mediation
3526,Mediation
2299,Mediation
4967,Mediation
3730,Accompagnement
4759,Accompagnement
6015,Mediation
6742,Surendettement
2614,Mediation
2984,Mediation
1581,Mediation
3509,Mediation
7890,Mediation
860,Accompagnement
3190,Mediation
5171,Mediation
6710,Surendettement
2178,Surendettement
935,Mediation
6380,Mediation
7798,Accompagnement
5380,Accompagnement
589,Mediation
1667,Mediation
2169,Mediation
1219,Mediation
6438,Mediation
2188,Mediation
7454,Mediation
6160,Surendettement
7129,Accompagnement
522,Mediation
137,Accompagnement
1058,Mediation
5412,Surendettement
3380,Surendettement
1221,Accompagnement
5098,Accompagnement
2398,Mediation
7496,Mediation
2002,Mediation
650,Accompagnement
1279,Accompagnement
563,Accompagnement
6838,Mediation
4635,Mediation
7863,Mediation
1916,Accompagnement
4560,Accompagnement
6405,Mediation
3003,Mediation
7174,Mediation
1877,Mediation
6154,Surendettement
2046,Accompagnement
2983,Mediation
4718,Mediation
3779,Surendettement
5652,Mediation
7459,Mediation
3678,Mediation
5036,Mediation
1751,Mediation
6852,Mediation
2353,Mediation
4642,Surendettement
3716,Accompagnement
3275,Mediation
2959,Mediation
5300,Mediation
2806,Mediation
5404,Mediation
7534,Mediation
3752,Accompagnement
5319,Mediation
5876,Accompagnement
1227,Accompagnement
172,Mediation
2820,Accompagnement
374,Accompagnement
5772,Mediation
1759,Mediation
7797,Surendettement
2273,Mediation
2358,Mediation
4625,Mediation
7143,Mediation
7504,Accompagnement
3142,Mediation
1449,Mediation
1360,Mediation
2070,Mediation
4598,Accompagnement
248,Mediation
2108,Mediation
3440,Mediation
4030,Accompagnement
3607,Mediation
2319,Accompagnement
6827,Mediation
2716,Mediation
158,Accompagnement
2809,Mediation
304,Mediation
2839,Mediation
4386,Accompagnement
4176,Accompagnement
5709,Accompagnement
7654,Mediation
3037,Surendettement
1446,Mediation
6993,Mediation
880,Accompagnement
4763,Surendettement
249,Accompagnement
4998,Mediation
2676,Accompagnement
4721,Mediation
1856,Mediation
3120,Mediation
579,Mediation
6729,Mediation
1356,Accompagnement
6699,Mediation
1903,Mediation
6801,Aucune
7754,Accompagnement
222,Mediation
6761,Mediation
3636,Mediation
1535,Mediation
2902,Mediation
1968,Mediation
1875,Mediation
1193,Mediation
2842,Mediation
5729,Mediation
6798,Accompagnement
5614,Mediation
2367,Accompagnement
7535,Mediation
7239,Accompagnement
902,Accompagnement
4282,Mediation
1548,Accompagnement
5594,Mediation
1071,Mediation
948,Mediation
1009,Mediation
2797,Mediation
3473,Mediation
6016,Accompagnement
627,Accompagnement
3879,Mediation
6354,Mediation
2773,Mediation
2104,Mediation
6095,Mediation
7618,Mediation
4498,Mediation
2476,Accompagnement
6329,Mediation
3692,Aucune
4459,Mediation
7460,Surendettement
4043,Mediation
6447,Mediation
7844,Mediation
3897,Accompagnement
5067,Mediation
2094,Accompagnement
1933,Accompagnement
7020,Surendettement
7123,Mediation
6524,Mediation
1173,Mediation
237,Accompagnement
5118,Mediation
2298,Mediation
1411,Mediation
320,Mediation
2102,Accompagnement
5647,Aucune
1923,Mediation
3377,Mediation
6461,Mediation
782,Mediation
139,Accompagnement
725,Mediation
7841,Mediation
2518,Mediation
2247,Mediation
5018,Mediation
502,Accompagnement
4540,Aucune
471,Mediation
5950,Surendettement
5778,Mediation
3580,Mediation
4276,Accompagnement
4511,Mediation
4554,Mediation
7359,Mediation
6589,Mediation
7568,Aucune
2533,Accompagnement
1149,Accompagnement
7720,Accompagnement
2865,Mediation
1579,Mediation
2950,Mediation
1538,Mediation
5512,Mediation
5176,Mediation
3893,Aucune
615,Mediation
4629,Surendettement
7100,Mediation
231,Accompagnement
4742,Mediation
5419,Mediation
5043,Mediation
454,Accompagnement
2176,Mediation
4325,Accompagnement
3185,Mediation
1337,Mediation
6917,Mediation
6346,Mediation
3968,Mediation
6654,Mediation
4465,Mediation
5571,Mediation
4861,Mediation
2546,Mediation
5004,Mediation
5214,Mediation
5123,Mediation
2566,Mediation
1900,Mediation
327,Mediation
7201,Mediation
6625,Mediation
6187,Accompagnement
4374,Mediation
241,Accompagnement
5155,Mediation
4841,Mediation
5960,Surendettement
1516,Mediation
3721,Mediation
6901,Mediation
229,Mediation
6097,Mediation
4970,Mediation
489,Accompagnement
2115,Mediation
6118,Mediation
2994,Mediation
7272,Accompagnement
3215,Mediation
5024,Surendettement
6103,Mediation
7199,Surendettement
6706,Accompagnement
3818,Mediation
2157,Mediation
7017,Accompagnement
6709,Mediation
6006,Mediation
1499,Mediation
243,Mediation
4291,Accompagnement
4252,Mediation
1468,Mediation
4961,Mediation
6638,Accompagnement
7386,Mediation
1244,Mediation
6774,Mediation
4994,Mediation
156,Mediation
1060,Accompagnement
7761,Accompagnement
6582,Mediation
702,Accompagnement
6310,Mediation
7305,Mediation
797,Mediation
5165,Accompagnement
4946,Mediation
4412,Mediation
7198,Mediation
6622,Accompagnement
3844,Accompagnement
6246,Accompagnement
4743,Mediation
2811,Accompagnement
2766,Mediation
2907,Mediation
5590,Accompagnement
4128,Mediation
6466,Mediation
4091,Mediation
6101,Mediation
1531,Mediation
4543,Mediation
4576,Mediation
2056,Mediation
234,Mediation
7050,Mediation
2665,Mediation
3224,Mediation
7645,Mediation
3722,Mediation
7247,Mediation
2217,Mediation
7210,Surendettement
3978,Mediation
4336,Mediation
187,Mediation
4457,Mediation
170,Accompagnement
5882,Mediation
5924,Accompagnement
186,Mediation
3925,Accompagnement
7021,Accompagnement
1978,Accompagnement
4832,Mediation
2324,Accompagnement
3405,Mediation
4825,Mediation
1720,Mediation
1708,Accompagnement
6974,Mediation
2350,Accompagnement
4810,Accompagnement
837,Mediation
4376,Mediation
5321,Mediation
2100,Mediation
7510,Accompagnement
1826,Mediation
4935,Mediation
7638,Surendettement
3354,Mediation
970,Accompagnement
5161,Mediation
6682,Mediation
726,Mediation
1132,Mediation
6407,Mediation
5516,Accompagnement
603,Mediation
4624,Mediation
1182,Mediation
1402,Mediation
1643,Accompagnement
839,Mediation
3584,Mediation
2791,Accompagnement
1553,Accompagnement
6264,Mediation
3493,Mediation
4306,Mediation
6069,Surendettement
3330,Mediation
6835,Mediation
4197,Mediation
1736,Mediation
4875,Accompagnement
1006,Mediation
7426,Accompagnement
7527,Mediation
4155,Mediation
69,Accompagnement
7186,Mediation
2920,Accompagnement
1961,Mediation
6085,Mediation
3457,Mediation
2976,Mediation
161,Mediation
1909,Mediation
5719,Accompagnement
138,Mediation
3178,Mediation
2378,Mediation
881,Accompagnement
7149,Accompagnement
6757,Mediation
7071,Surendettement
513,Mediation
3894,Mediation
1935,Accompagnement
7002,Accompagnement
5069,Accompagnement
815,Mediation
1594,Mediation
6275,Mediation
2252,Mediation
2830,Accompagnement
6982,Mediation
3357,Accompagnement
7880,Mediation
5461,Mediation
7591,Mediation
6889,Accompagnement
1067,Mediation
7705,Mediation
3076,Mediation
2392,Mediation
387,Mediation
6137,Microcredit
3041,Surendettement
4245,Mediation
7826,Mediation
7470,Mediation
7225,Accompagnement
4969,Accompagnement
2752,Mediation
2582,Mediation
941,Mediation
5219,Mediation
536,Mediation
6880,Mediation
3027,Mediation
7150,Aucune
4716,Accompagnement
2207,Mediation
4445,Accompagnement
1915,Accompagnement
2615,Mediation
7837,Accompagnement
360,Accompagnement
4845,Accompagnement
2054,Mediation
4355,Accompagnement
4427,Mediation
7391,Mediation
6281,Accompagnement
6828,Mediation
2581,Mediation
6178,Mediation
1528,Mediation
5403,Microcredit
3311,Accompagnement
159,Mediation
1593,Mediation
2895,Surendettement
2183,Mediation
3745,Accompagnement
5763,Mediation
4819,Mediation
5417,Mediation
1979,Mediation
56,Mediation
1930,Mediation
38,Mediation
342,Accompagnement
5746,Mediation
197,Mediation
4343,Accompagnement
6384,Mediation
5572,Mediation
389,Mediation
4997,Accompagnement
3781,Mediation
6626,Surendettement
4562,Mediation
2601,Mediation
439,Mediation
2193,Mediation
850,Mediation
6122,Accompagnement
1991,Mediation
2609,Mediation
6575,Mediation
7102,Aucune
7159,Mediation
6349,Mediation
3911,Surendettement
4151,Mediation
6899,Mediation
148,Mediation
3936,Mediation
7211,Mediation
3325,Mediation
88,Mediation
6387,Accompagnement
5616,Accompagnement
2485,Mediation
6584,Mediation
2935,Mediation
6017,Mediation
7355,Accompagnement
1486,Mediation
165,Accompagnement
4769,Accompagnement
7659,Mediation
5879,Mediation
674,Mediation
5992,Surendettement
106,Mediation
1809,Mediation
3686,Mediation
1419,Mediation
6334,Mediation
7481,Mediation
6588,Surendettement
2880,Mediation
1556,Mediation
3331,Mediation
2461,Mediation
5973,Mediation
2348,Mediation
274,Mediation
1592,Mediation
3800,Surendettement
2053,Mediation
7595,Surendettement
6855,Mediation
5282,Mediation
5115,Surendettement
1164,Accompagnement
2483,Accompagnement
3135,Surendettement
7009,Mediation
1397,Accompagnement
5752,Mediation
2379,Mediation
2041,Accompagnement
7276,Mediation
3710,Mediation
1892,Mediation
3515,Microcredit
7493,Surendettement
6939,Mediation
6406,Mediation
45,Mediation
7446,Accompagnement
421,Accompagnement
4765,Mediation
456,Mediation
397,Accompagnement
4224,Mediation
5708,Mediation
4390,Mediation
6254,Mediation
3321,Mediation
6257,Mediation
2489,Accompagnement
6996,Accompagnement
6782,Accompagnement
7755,Accompagnement
4394,Mediation
952,Mediation
2640,Mediation
2359,Mediation
4058,Mediation
4652,Mediation
6200,Surendettement
7415,Mediation
7119,Mediation
3171,Mediation
7803,Mediation
5231,Mediation
3124,Mediation
2051,Accompagnement
2501,Mediation
5254,Mediation
5237,Mediation
4116,Mediation
512,Accompagnement
2397,Mediation
7166,Mediation
7132,Mediation
2331,Mediation
2190,Mediation
1278,Accompagnement
7407,Surendettement
3162,Mediation
2237,Mediation
4667,Mediation
3773,Mediation
5218,Mediation
2826,Mediation
2072,Mediation
6059,Surendettement
778,Mediation
7611,Mediation
3596,Mediation
100,Mediation
7735,Accompagnement
1678,Mediation
1706,Mediation
1481,Accompagnement
2668,Mediation
3672,Mediation
5225,Mediation
843,Mediation
2191,Mediation
3210,Mediation
142,Mediation
6950,Accompagnement
120,Accompagnement
3267,Accompagnement
3455,Mediation
3260,Mediation
729,Mediation
5903,Mediation
4531,Mediation
2646,Mediation
5527,Surendettement
6120,Mediation
3437,Mediation
769,Mediation
583,Accompagnement
7490,Mediation
680,Accompagnement
3891,Accompagnement
1408,Mediation
250,Accompagnement
5019,Accompagnement
7545,Accompagnement
1748,Mediation
1596,Mediation
4452,Mediation
2074,Mediation
3023,Mediation
5131,Accompagnement
1804,Mediation
7262,Accompagnement
6286,Mediation
4275,Mediation
1344,Mediation
7378,Accompagnement
4028,Mediation
617,Mediation
5893,Accompagnement
6538,Surendettement
917,Mediation
6477,Surendettement
2655,Accompagnement
6049,Mediation
213,Mediation
1136,Accompagnement
4758,Microcredit
4340,Mediation
2049,Mediation
103,Mediation
6586,Mediation
2205,Surendettement
2248,Mediation
7613,Mediation
1850,Mediation
1439,Mediation
3342,Mediation
6417,Mediation
3939,Surendettement
7360,Surendettement
5438,Mediation
6758,Mediation
1377,Accompagnement
2429,Mediation
2541,Mediation
5730,Accompagnement
1743,Mediation
6356,Accompagnement
6484,Mediation
3579,Mediation
2377,Accompagnement
5034,Mediation
4745,Mediation
6558,Mediation
2375,Mediation
2706,Mediation
7437,Mediation
4986,Accompagnement
6650,Accompagnement
3211,Accompagnement
4920,Mediation
177,Mediation
5583,Accompagnement
6435,Mediation
5499,Mediation
7252,Mediation
5031,Mediation
292,Accompagnement
5824,Mediation
3352,Mediation
1128,Mediation
487,Accompagnement
5945,Aucune
2549,Accompagnement
6357,Mediation
5269,Mediation
2931,Accompagnement
4821,Mediation
6912,Mediation
7549,Accompagnement
1224,Accompagnement
135,Accompagnement
3602,Accompagnement
573,Surendettement
714,Mediation
5534,Mediation
2060,Mediation
7467,Mediation
6545,Surendettement
7345,Mediation
3795,Mediation
4209,Accompagnement
5249,Mediation
357,Mediation
671,Mediation
3033,Accompagnement
6871,Accompagnement
3949,Mediation
564,Accompagnement
4433,Accompagnement
4416,Accompagnement
4567,Accompagnement
4730,Mediation
5726,Mediation
1806,Mediation
7547,Surendettement
7531,Accompagnement
5366,Accompagnement
2730,Mediation
557,Accompagnement
5690,Mediation
1549,Mediation
5459,Accompagnement
4169,Mediation
4902,Mediation
7333,Accompagnement
485,Mediation
6231,Surendettement
7099,Mediation
2817,Mediation
2318,Accompagnement
1024,Mediation
6081,Surendettement
6587,Accompagnement
3425,Accompagnement
434,Accompagnement
3797,Mediation
7035,Surendettement
618,Mediation
5377,Mediation
3841,Mediation
4113,Surendettement
5081,Mediation
426,Accompagnement
6064,Accompagnement
7686,Mediation
4160,Accompagnement
794,Accompagnement
1598,Mediation
5409,Mediation
2764,Mediation
2542,Accompagnement
7022,Mediation
425,Accompagnement
5892,Mediation
7031,Mediation
4080,Surendettement
2500,Mediation
5582,Mediation
4690,Mediation
108,Mediation
1742,Mediation
5528,Accompagnement
3461,Mediation
1089,Mediation
7080,Mediation
7387,Mediation
1326,Mediation
334,Mediation
7792,Mediation
4013,Mediation
4614,Accompagnement
3677,Mediation
1719,Mediation
7278,Mediation
6510,Mediation
4430,Mediation
551,Accompagnement
1946,Mediation
2355,Mediation
3682,Mediation
7696,Accompagnement
2221,Mediation
7599,Aucune
2365,Mediation
6007,Mediation
2594,Mediation
5159,Mediation
3093,Accompagnement
6971,Mediation
1883,Accompagnement
5049,Accompagnement
1092,Mediation
2517,Mediation
6985,Mediation
219,Accompagnement
5395,Mediation
2600,Accompagnement
7477,Accompagnement
4797,Mediation
3976,Mediation
6398,Mediation
408,Accompagnement
5834,Surendettement
3475,Mediation
2732,Mediation
1737,Mediation
6795,Mediation
7170,Mediation
2200,Mediation
4108,Mediation
3809,Mediation
278,Mediation
3197,Mediation
6504,Mediation
4273,Mediation
5252,Mediation
7501,Mediation
5385,Accompagnement
5886,Mediation
893,Accompagnement
3576,Mediation
1820,Mediation
1772,Accompagnement
4633,Accompagnement
5913,Mediation
1378,Mediation
6284,Mediation
7055,Mediation
3287,Surendettement
799,Accompagnement
1368,Mediation
1781,Accompagnement
6651,Mediation
7340,Mediation
5195,Accompagnement
3777,Mediation
656,Surendettement
7052,Accompagnement
7799,Mediation
6302,Mediation
221,Accompagnement
5346,Mediation
5452,Mediation
1485,Mediation
6618,Accompagnement
2091,Accompagnement
4916,Accompagnement
5197,Surendettement
6210,Mediation
7411,Aucune
6416,Surendettement
2486,Mediation
7553,Mediation
683,Accompagnement
3651,Mediation
238,Accompagnement
2556,Mediation
2163,Mediation
3698,Mediation
697,Mediation
225,Mediation
245,Mediation
4388,Mediation
7812,Mediation
4207,Accompagnement
4780,Mediation
540,Mediation
6244,Mediation
6468,Mediation
675,Accompagnement
2432,Mediation
5440,Accompagnement
1134,Mediation
5194,Mediation
4310,Mediation
1811,Mediation
3712,Accompagnement
6656,Mediation
4475,Mediation
7588,Accompagnement
280,Mediation
5540,Mediation
1049,Mediation
2812,Mediation
4879,Accompagnement
3339,Mediation
1869,Mediation
261,Mediation
4265,Surendettement
2332,Surendettement
7423,Mediation
2171,Mediation
2574,Surendettement
3552,Mediation
6136,Mediation
5482,Mediation
1264,Mediation
5323,Accompagnement
492,Mediation
3043,Mediation
6572,Mediation
5102,Accompagnement
7374,Mediation
5340,Mediation
4840,Mediation
5312,Mediation
6981,Mediation
2735,Accompagnement
1699,Mediation
1614,Accompagnement
247,Mediation
3401,Aucune
2170,Mediation
5473,Surendettement
3453,Mediation
2905,Mediation
7655,Mediation
1472,Accompagnement
7051,Mediation
2918,Mediation
4039,Mediation
4686,Accompagnement
5762,Accompagnement
160,Mediation
7579,Mediation
3553,Surendettement
6819,Mediation
2540,Accompagnement
3296,Mediation
1689,Mediation
2894,Mediation
2590,Mediation
5554,Accompagnement
46,Mediation
528,Mediation
7474,Mediation
6674,Accompagnement
950,Mediation
7554,Surendettement
4127,Mediation
7274,Mediation
821,Mediation
5310,Accompagnement
5790,Accompagnement
80,Mediation
1842,Accompagnement
7323,Mediation
1504,Mediation
6529,Accompagnement
2044,Mediation
4658,Mediation
5721,Mediation
2127,Mediation
6898,Mediation
1016,Mediation
3896,Accompagnement
1957,Accompagnement
7887,Mediation
5985,Mediation
4648,Mediation
1194,Mediation
2878,Mediation
4297,Accompagnement
1984,Mediation
2328,Mediation
2933,Mediation
1628,Mediation
5087,Mediation
2885,Accompagnement
5905,Accompagnement
5122,Mediation
478,Mediation
7227,Accompagnement
2469,Mediation
3302,Mediation
6204,Accompagnement
7505,Aucune
63,Mediation
1796,Mediation
5365,Mediation
7788,Accompagnement
1352,Mediation
796,Accompagnement
7273,Surendettement
764,Mediation
4123,Accompagnement
7217,Accompagnement
1094,Mediation
1074,Accompagnement
2496,Accompagnement
2480,Mediation
2472,Mediation
298,Accompagnement
1557,Mediation
1530,Mediation
4668,Mediation
314,Mediation
5302,Mediation
206,Accompagnement
1338,Mediation
7742,Accompagnement
3831,Accompagnement
6144,Accompagnement
3165,Aucune
3743,Mediation
2999,Surendettement
407,Accompagnement
1413,Accompagnement
2173,Mediation
2903,Mediation
7103,Mediation
973,Mediation
4962,Surendettement
4510,Surendettement
2292,Mediation
7277,Mediation
6235,Surendettement
2281,Mediation
2119,Mediation
7121,Accompagnement
4041,Mediation
2642,Mediation
5002,Mediation
4715,Accompagnement
3956,Mediation
5263,Mediation
4497,Mediation
3310,Mediation
6972,Mediation
632,Accompagnement
6730,Surendettement
1994,Mediation
7375,Surendettement
2276,Mediation
2110,Mediation
401,Accompagnement
2897,Mediation
7371,Accompagnement
1687,Mediation
1147,Accompagnement
5039,Mediation
3612,Mediation
3107,Accompagnement
7843,Mediation
211,Accompagnement
772,Mediation
4046,Mediation
2548,Mediation
2388,Mediation
3487,Mediation
3653,Mediation
6514,Accompagnement
5604,Mediation
7565,Mediation
5205,Mediation
5068,Accompagnement
1118,Mediation
602,Accompagnement
751,Mediation
3508,Mediation
6021,Mediation
5569,Mediation
4577,Accompagnement
2162,Mediation
455,Mediation
7811,Mediation
2417,Mediation
4139,Mediation
4341,Surendettement
2770,Mediation
1225,Mediation
184,Mediation
6442,Mediation
5204,Accompagnement
1540,Mediation
480,Mediation
217,Mediation
5996,Mediation
3801,Mediation
920,Mediation
4089,Accompagnement
2442,Mediation
547,Mediation
4281,Mediation
1950,Mediation
5010,Mediation
990,Accompagnement
1765,Mediation
6183,Mediation
3641,Mediation
1202,Mediation
5747,Mediation
4656,Mediation
1563,Mediation
6833,Surendettement
1148,Mediation
6292,Accompagnement
1479,Mediation
6315,Mediation
5570,Accompagnement
995,Mediation
228,Mediation
6038,Mediation
4204,Accompagnement
3113,Mediation
4906,Mediation
1526,Mediation
4839,Mediation
3560,Accompagnement
322,Accompagnement
7171,Surendettement
6560,Mediation
3446,Mediation
1478,Mediation
2928,Mediation
4356,Mediation
2416,Mediation
4796,Mediation
4630,Mediation
7744,Mediation
1501,Mediation
5286,Mediation
1786,Mediation
906,Mediation
5579,Mediation
7608,Surendettement
4867,Surendettement
6382,Mediation
2808,Mediation
7393,Mediation
6115,Mediation
5678,Mediation
443,Mediation
713,Mediation
5280,Surendettement
6167,Mediation
4196,Mediation
5460,Surendettement
7897,Mediation
86,Mediation
2843,Mediation
2563,Mediation
2198,Mediation
355,Mediation
6578,Mediation
1956,Mediation
5510,Accompagnement
341,Accompagnement
5868,Mediation
1954,Mediation
5156,Surendettement
5253,Surendettement
6569,Mediation
7412,Accompagnement
4294,Mediation
3999,Mediation
5170,Mediation
6389,Accompagnement
4871,Accompagnement
6135,Accompagnement
6669,Mediation
1973,Mediation
6247,Accompagnement
1798,Accompagnement
1138,Mediation
6609,Mediation
2516,Mediation
5383,Mediation
7542,Aucune
4573,Mediation
5810,Mediation
1999,Mediation
230,Mediation
7506,Surendettement
3688,Surendettement
3207,Mediation
7028,Aucune
4644,Mediation
2836,Mediation
6905,Mediation
6358,Mediation
1214,Accompagnement
6574,Mediation
107,Mediation
212,Mediation
6738,Mediation
663,Mediation
4515,Mediation
6599,Mediation
7394,Mediation
7629,Mediation
6428,Accompagnement
6282,Mediation
7845,Mediation
2631,Surendettement
3859,Mediation
2603,Mediation
4313,Accompagnement
562,Mediation
1832,Mediation
114,Accompagnement
1436,Mediation
7616,Mediation
1855,Mediation
7059,Surendettement
3013,Mediation
1113,Mediation
5597,Mediation
4320,Mediation
1970,Mediation
6216,Mediation
5766,Mediation
1409,Mediation
6748,Mediation
4809,Mediation
3934,Mediation
6193,Mediation
6030,Accompagnement
4740,Surendettement
1385,Mediation
4338,Mediation
3477,Accompagnement
7453,Mediation
6364,Mediation
6653,Accompagnement
1673,Mediation
5391,Aucune
7419,Mediation
6633,Accompagnement
410,Mediation
7215,Mediation
1274,Mediation
4557,Surendettement
6963,Mediation
501,Mediation
5487,Mediation
2644,Accompagnement
1580,Mediation
509,Mediation
3434,Mediation
3232,Mediation
5897,Surendettement
2849,Mediation
5934,Accompagnement
739,Mediation
3964,Mediation
3422,Mediation
6766,Mediation
289,Accompagnement
7486,Mediation
5592,Mediation
3770,Mediation
3694,Mediation
1941,Mediation
2634,Mediation
3503,Accompagnement
777,Mediation
652,Mediation
4076,Mediation
477,Mediation
1715,Mediation
5513,Surendettement
3760,Mediation
2774,Accompagnement
6248,Mediation
5065,Mediation
2160,Mediation
101,Mediation
6379,Mediation
4133,Mediation
716,Mediation
1133,Mediation
7029,Accompagnement
5259,Surendettement
5399,Microcredit
1153,Mediation
164,Mediation
6023,Surendettement
5908,Surendettement
5,Surendettement
5916,Mediation
771,Mediation
7429,Accompagnement
4965,Mediation
3243,Mediation
6035,Mediation
1740,Mediation
1086,Accompagnement
4157,Mediation
3821,Accompagnement
6325,Accompagnement
7879,Mediation
1331,Mediation
6034,Surendettement
7688,Mediation
828,Mediation
5948,Mediation
1014,Mediation
109,Mediation
559,Mediation
2788,Mediation
1389,Mediation
2939,Mediation
4379,Mediation
7781,Mediation
2361,Accompagnement
6493,Mediation
2659,Accompagnement
6422,Mediation
6505,Accompagnement
6824,Mediation
1460,Mediation
2244,Mediation
3444,Mediation
7319,Mediation
3656,Accompagnement
5691,Mediation
3077,Mediation
191,Mediation
4364,Mediation
7344,Mediation
3046,Mediation
5659,Mediation
1969,Mediation
3658,Mediation
6433,Mediation
3466,Mediation
1934,Mediation
4723,Mediation
4631,Mediation
3732,Mediation
7598,Mediation
2242,Mediation
2611,Accompagnement
3141,Mediation
337,Mediation
7848,Accompagnement
5575,Accompagnement
7331,Surendettement
2775,Aucune
1028,Mediation
2669,Mediation
6459,Surendettement
2625,Mediation
198,Mediation
1364,Mediation
3689,Surendettement
19,Mediation
3019,Mediation
423,Accompagnement
5099,Mediation
4406,Mediation
2434,Surendettement
6970,Mediation
1696,Mediation
413,Accompagnement
5878,Mediation
5635,Mediation
14,Mediation
4439,Accompagnement
7381,Accompagnement
6708,Accompagnement
7322,Mediation
7104,Mediation
3061,Mediation
3170,Mediation
1324,Accompagnement
1037,Mediation
2277,Surendettement
3608,Surendettement
4078,Mediation
4060,Mediation
4126,Mediation
3569,Accompagnement
1947,Mediation
2679,Mediation
6130,Surendettement
2515,Surendettement
5402,Accompagnement
7111,Mediation
2421,Mediation
3918,Accompagnement
4785,Mediation
2711,Mediation
2038,Mediation
5111,Mediation
6856,Mediation
7195,Surendettement
3269,Mediation
7018,Mediation
3372,Accompagnement
4770,Accompagnement
7030,Surendettement
3192,Mediation
4371,Mediation
6258,Surendettement
2528,Accompagnement
3864,Mediation
2834,Mediation
5931,Mediation
4549,Mediation
5773,Accompagnement
5682,Mediation
6577,Mediation
365,Mediation
809,Mediation
1038,Mediation
975,Mediation
6500,Surendettement
6788,Mediation
2137,Mediation
6134,Mediation
5732,Mediation
6205,Mediation
6727,Mediation
1080,Mediation
279,Mediation
1305,Mediation
2972,Mediation
4499,Mediation
3798,Mediation
7189,Mediation
2872,Mediation
18,Mediation
5653,Mediation
4566,Mediation
6713,Mediation
3624,Mediation
7353,Accompagnement
4963,Surendettement
1245,Mediation
5887,Mediation
6667,Mediation
2867,Mediation
4360,Accompagnement
7850,Mediation
7155,Mediation
6240,Mediation
6471,Mediation
2187,Mediation
4101,Mediation
7775,Mediation
3297,Mediation
6368,Mediation
6920,Accompagnement
5316,Accompagnement
6361,Microcredit
2744,Accompagnement
6018,Mediation
1654,Mediation
605,Mediation
6525,Mediation
3635,Mediation
3562,Mediation
6102,Mediation
5413,Mediation
7228,Mediation
5871,Surendettement
2385,Mediation
7677,Mediation
5017,Accompagnement
29,Mediation
6091,Surendettement
2214,Mediation
1569,Mediation
1175,Accompagnement
4783,Mediation
1982,Accompagnement
7212,Accompagnement
3853,Mediation
3906,Accompagnement
3499,Surendettement
1704,Mediation
5238,Mediation
2568,Accompagnement
4289,Mediation
4408,Mediation
5457,Mediation
3749,Mediation
70,Mediation
129,Mediation
4836,Mediation
6594,Mediation
3110,Mediation
5958,Accompagnement
5411,Mediation
1998,Mediation
3328,Mediation
4533,Mediation
4756,Mediation
3909,Mediation
4476,Mediation
2330,Mediation
4095,Mediation
5587,Mediation
5255,Surendettement
277,Mediation
5228,Mediation
1756,Mediation
2913,Mediation
2149,Accompagnement
4852,Mediation
6639,Mediation
5636,Mediation
907,Mediation
3157,Mediation
5561,Accompagnement
4940,Mediation
4888,Surendettement
7054,Mediation
5967,Mediation
6805,Mediation
6872,Mediation
7390,Accompagnement
366,Mediation
4619,Mediation
6039,Accompagnement
4478,Mediation
2275,Accompagnement
946,Mediation
2957,Mediation
2899,Surendettement
7571,Mediation
3318,Mediation
5295,Mediation
1448,Mediation
3395,Mediation
4874,Mediation
2139,Mediation
2372,Mediation
6909,Mediation
151,Mediation
39,Mediation
2269,Accompagnement
183,Mediation
31,Mediation
1248,Mediation
3847,Mediation
6421,Accompagnement
7697,Mediation
2174,Accompagnement
5819,Mediation
4522,Mediation
2062,Mediation
1261,Mediation
3294,Accompagnement
3634,Accompagnement
3663,Mediation
444,Mediation
4930,Mediation
2857,Accompagnement
6859,Accompagnement
1867,Mediation
4219,Mediation
5447,Mediation
7560,Mediation
4789,Mediation
5192,Mediation
6768,Mediation
6684,Mediation
4826,Mediation
3430,Accompagnement
5016,Mediation
6791,Mediation
1302,Mediation
844,Mediation
6499,Mediation
2376,Mediation
914,Mediation
4177,Mediation
7176,Mediation
3955,Mediation
7316,Mediation
3922,Mediation
3723,Mediation
7787,Mediation
5079,Accompagnement
7801,Accompagnement
3231,Mediation
1298,Mediation
591,Mediation
7574,Surendettement
5436,Mediation
2399,Mediation
531,Mediation
2159,Accompagnement
7192,Mediation
981,Mediation
7684,Mediation
3274,Mediation
2490,Mediation
6392,Mediation
5677,Mediation
4741,Accompagnement
3491,Mediation
6941,Mediation
7328,Mediation
3490,Mediation
5341,Accompagnement
6720,Mediation
6670,Mediation
3272,Surendettement
1268,Mediation
7748,Mediation
1843,Mediation
6092,Mediation
3517,Mediation
7804,Accompagnement
3144,Mediation
6234,Mediation
5631,Accompagnement
710,Accompagnement
6224,Mediation
3050,Surendettement
4830,Mediation
4747,Mediation
1304,Mediation
3087,Mediation
4777,Accompagnement
128,Mediation
5613,Accompagnement
7396,Mediation
5889,Accompagnement
6694,Accompagnement
3739,Mediation
52,Mediation
4251,Mediation
7483,Mediation
977,Mediation
3193,Mediation
2059,Mediation
3265,Mediation
3327,Accompagnement
3637,Accompagnement
2424,Mediation
601,Mediation
7257,Mediation
4663,Mediation
7759,Mediation
2616,Mediation
6565,Mediation
604,Accompagnement
1834,Mediation
4484,Microcredit
2271,Mediation
7846,Mediation
4399,Mediation
7125,Surendettement
2428,Mediation
5475,Mediation
4174,Accompagnement
2731,Mediation
3329,Mediation
5981,Accompagnement
961,Mediation
4661,Accompagnement
5743,Mediation
6796,Accompagnement
7786,Accompagnement
2755,Mediation
5309,Mediation
6846,Accompagnement
7525,Aucune
7026,Surendettement
195,Mediation
6119,Mediation
3578,Accompagnement
5037,Accompagnement
30,Mediation
4250,Mediation
7668,Mediation
7828,Mediation
1348,Mediation
6600,Mediation
3814,Accompagnement
3929,Mediation
7596,Mediation
806,Mediation
4377,Mediation
6851,Mediation
5353,Accompagnement
7913,Mediation
2822,Mediation
3808,Mediation
2314,Accompagnement
1527,Accompagnement
4446,Mediation
6956,Mediation
6083,Mediation
6013,Mediation
2936,Mediation
730,Mediation
5313,Mediation
5445,Mediation
7202,Mediation
295,Accompagnement
3338,Mediation
3147,Mediation
1429,Mediation
6983,Accompagnement
4141,Mediation
1212,Mediation
5988,Mediation
705,Mediation
5552,Mediation
1230,Mediation
2129,Mediation
3403,Surendettement
4363,Mediation
6010,Accompagnement
3564,Mediation
7495,Mediation
4711,Mediation
124,Mediation
1047,Mediation
7294,Mediation
3880,Mediation
7317,Mediation
4570,Mediation
200,Mediation
6677,Mediation
5854,Mediation
2052,Mediation
2927,Mediation
7004,Mediation
3138,Accompagnement
560,Mediation
4462,Accompagnement
6298,Mediation
6532,Mediation
6513,Mediation
4422,Mediation
40,Mediation
5277,Surendettement
2167,Mediation
7701,Mediation
572,Mediation
2047,Accompagnement
2909,Mediation
2804,Mediation
737,Mediation
328,Mediation
1567,Mediation
3172,Mediation
2431,Mediation
876,Mediation
7400,Mediation
2663,Accompagnement
5825,Mediation
3198,Mediation
7447,Accompagnement
5744,Accompagnement
3149,Mediation
6375,Mediation
1218,Mediation
5260,Mediation
6539,Mediation
85,Mediation
6227,Accompagnement
3737,Mediation
6992,Mediation
3362,Mediation
3840,Accompagnement
7200,Mediation
7231,Accompagnement
2734,Accompagnement
5291,Mediation
7368,Mediation
1774,Mediation
2693,Accompagnement
1498,Mediation
4882,Accompagnement
3742,Mediation
4933,Mediation
1236,Mediation
4801,Mediation
1749,Mediation
1084,Mediation
1101,Accompagnement
6829,Mediation
6280,Mediation
6792,Mediation
5741,Surendettement
5364,Accompagnement
4333,Surendettement
826,Mediation
5178,Mediation
2098,Mediation
6472,Accompagnement
6019,Mediation
3957,Mediation
3109,Mediation
5567,Surendettement
746,Mediation
1311,Mediation
67,Mediation
5607,Accompagnement
1510,Mediation
6072,Mediation
1418,Mediation
7563,Accompagnement
2301,Surendettement
818,Mediation
2222,Mediation
7077,Mediation
4929,Accompagnement
1125,Mediation
4639,Mediation
4537,Mediation
715,Mediation
6800,Mediation
3591,Mediation
2121,Mediation
7896,Surendettement
4910,Mediation
286,Mediation
4523,Mediation
3523,Mediation
2728,Mediation
864,Mediation
3715,Mediation
3655,Accompagnement
1057,Mediation
5686,Accompagnement
466,Mediation
7311,Mediation
371,Mediation
5185,Mediation
4085,Mediation
5442,Mediation
5591,Mediation
4016,Mediation
2807,Accompagnement
6287,Mediation
4609,Mediation
7275,Mediation
375,Accompagnement
1036,Accompagnement
242,Mediation
5627,Accompagnement
5463,Mediation
925,Mediation
634,Mediation
6278,Mediation
5703,Mediation
2415,Accompagnement
6288,Mediation
1491,Accompagnement
1926,Mediation
7471,Mediation
3590,Accompagnement
5689,Mediation
1964,Mediation
7743,Accompagnement
5883,Mediation
7445,Surendettement
3159,Mediation
3492,Mediation
4964,Surendettement
2753,Mediation
3960,Mediation
6374,Mediation
3293,Mediation
146,Mediation
4454,Surendettement
3708,Mediation
519,Mediation
2099,Accompagnement
5455,Surendettement
3462,Accompagnement
7577,Accompagnement
6177,Mediation
2061,Accompagnement
6719,Mediation
5009,Mediation
3919,Aucune
3085,Mediation
5266,Accompagnement
2827,Mediation
841,Mediation
5167,Mediation
2626,Mediation
6414,Mediation
1913,Accompagnement
6975,Accompagnement
7903,Mediation
3803,Mediation
4601,Accompagnement
4220,Mediation
3788,Accompagnement
3815,Mediation
5420,Accompagnement
5566,Accompagnement
7097,Mediation
3856,Mediation
4509,Accompagnement
699,Surendettement
3208,Accompagnement
3021,Mediation
1727,Accompagnement
4696,Mediation
1537,Mediation
7641,Mediation
3418,Mediation
244,Mediation
518,Mediation
974,Mediation
5962,Mediation
3369,Mediation
1620,Mediation
3364,Mediation
1087,Mediation
2637,Mediation
1353,Accompagnement
4613,Accompagnement
6002,Surendettement
6834,Mediation
3796,Mediation
2715,Aucune
3920,Mediation
7151,Aucune
840,Mediation
849,Mediation
3084,Accompagnement
3389,Mediation
2202,Mediation
5637,Mediation
992,Mediation
5517,Mediation
3935,Surendettement
83,Mediation
5872,Mediation
1240,Mediation
4680,Mediation
5662,Mediation
4407,Mediation
7450,Surendettement
5615,Mediation
7310,Mediation
5337,Mediation
7498,Surendettement
5904,Accompagnement
4719,Accompagnement
4553,Accompagnement
1943,Mediation
4335,Mediation
6479,Surendettement
2263,Accompagnement
6867,Accompagnement
2829,Mediation
7578,Mediation
2651,Mediation
6614,Mediation
4980,Mediation
303,Mediation
7000,Mediation
6516,Mediation
6785,Mediation
6360,Accompagnement
3151,Mediation
81,Accompagnement
1308,Accompagnement
510,Accompagnement
1243,Mediation
6126,Mediation
4208,Mediation
1712,Mediation
3676,Mediation
3241,Mediation
2960,Mediation
6199,Aucune
1812,Accompagnement
1835,Mediation
2718,Accompagnement
7745,Mediation
866,Mediation
5600,Mediation
7300,Mediation
4243,Mediation
521,Mediation
7820,Accompagnement
5757,Accompagnement
816,Mediation
7502,Surendettement
996,Mediation
4122,Accompagnement
3734,Accompagnement
4052,Surendettement
7235,Mediation
6332,Mediation
1776,Mediation
5483,Accompagnement
5070,Mediation
4147,Mediation
2853,Accompagnement
22,Mediation
3388,Mediation
3304,Mediation
2547,Mediation
2439,Mediation
6635,Mediation
4040,Accompagnement
310,Mediation
7617,Mediation
6024,Mediation
272,Mediation
1568,Mediation
6221,Mediation
2039,Mediation
4694,Mediation
3469,Microcredit
3958,Surendettement
4347,Mediation
1275,Surendettement
1488,Mediation
3386,Mediation
1586,Accompagnement
6555,Mediation
6344,Mediation
4932,Accompagnement
4254,Accompagnement
3365,Mediation
3307,Mediation
7037,Mediation
6895,Mediation
7465,Mediation
6999,Surendettement
7013,Mediation
2666,Mediation
4545,Accompagnement
3684,Accompagnement
4070,Mediation
545,Mediation
2138,Mediation
4323,Accompagnement
6512,Mediation
6849,Mediation
4856,Mediation
2511,Mediation
7722,Accompagnement
4755,Mediation
5725,Mediation
5818,Mediation
2975,Accompagnement
6340,Mediation
4695,Accompagnement
581,Mediation
3674,Surendettement
6687,Accompagnement
5748,Mediation
6150,Mediation
1697,Mediation
178,Mediation
7261,Mediation
6063,Surendettement
335,Mediation
2643,Accompagnement
2327,Accompagnement
6648,Mediation
5239,Surendettement
2859,Mediation
2313,Mediation
3288,Accompagnement
2304,Mediation
450,Accompagnement
6853,Mediation
2447,Mediation
5628,Accompagnement
2572,Accompagnement
3944,Mediation
7043,Mediation
3992,Mediation
3155,Accompagnement
7005,Mediation
1703,Mediation
210,Mediation
4846,Mediation
3484,Mediation
1465,Mediation
2757,Surendettement
4753,Mediation
7265,Accompagnement
2267,Mediation
2671,Accompagnement
2329,Accompagnement
7309,Mediation
1186,Mediation
5471,Mediation
4720,Mediation
7838,Accompagnement
4162,Surendettement
3363,Surendettement
5454,Mediation
2423,Mediation
6933,Accompagnement
3012,Accompagnement
5620,Accompagnement
6826,Accompagnement
3044,Mediation
3531,Mediation
12,Mediation
4572,Accompagnement
1635,Accompagnement
2370,Mediation
5011,Mediation
1899,Accompagnement
1314,Mediation
824,Mediation
3324,Accompagnement
1100,Mediation
7734,Mediation
4096,Mediation
4153,Mediation
7268,Mediation
1769,Mediation
649,Mediation
7906,Aucune
4913,Mediation
1467,Mediation
2916,Mediation
3154,Accompagnement
7308,Mediation
2126,Mediation
5236,Mediation
1312,Mediation
6523,Accompagnement
3017,Accompagnement
2457,Accompagnement
6657,Mediation
1462,Mediation
2800,Accompagnement
4467,Mediation
7433,Mediation
6080,Accompagnement
3125,Mediation
4100,Mediation
7190,Mediation
1383,Mediation
1731,Accompagnement
4440,Mediation
3005,Mediation
7487,Surendettement
6655,Mediation
6156,Mediation
5624,Mediation
6610,Mediation
750,Mediation
4959,Mediation
2018,Mediation
1506,Mediation
4493,Mediation
7207,Mediation
3850,Mediation
2407,Accompagnement
4673,Mediation
6259,Mediation
666,Mediation
2967,Mediation
3727,Mediation
6262,Accompagnement
2598,Surendettement
4269,Mediation
2947,Mediation
4880,Accompagnement
7058,Mediation
4132,Mediation
6314,Mediation
5296,Mediation
6441,Surendettement
1081,Accompagnement
6226,Mediation
3445,Mediation
7908,Mediation
7630,Mediation
2835,Accompagnement
4563,Mediation
1374,Mediation
2226,Mediation
1061,Mediation
4908,Mediation
3038,Mediation
6966,Mediation
1766,Mediation
5971,Mediation
2141,Mediation
4800,Mediation
7898,Mediation
5134,Mediation
7753,Mediation
5535,Mediation
6530,Mediation
2394,Mediation
4768,Mediation
5458,Mediation
1345,Mediation
5529,Mediation
3103,Accompagnement
6465,Mediation
6672,Accompagnement
3009,Mediation
6692,Surendettement
3954,Mediation
6698,Mediation
7606,Mediation
2306,Mediation
6378,Mediation
1901,Mediation
5606,Mediation
2003,Mediation
6436,Mediation
2624,Mediation
7258,Mediation
1951,Mediation
189,Mediation
2810,Mediation
4878,Mediation
4103,Accompagnement
4182,Mediation
3291,Mediation
3726,Mediation
7672,Mediation
6893,Mediation
760,Mediation
3221,Mediation
3195,Mediation
5271,Accompagnement
3921,Mediation
7395,Mediation
577,Mediation
188,Surendettement
5734,Mediation
483,Mediation
4354,Mediation
5066,Mediation
1857,Accompagnement
3819,Microcredit
4375,Mediation
5866,Aucune
6759,Mediation
7561,Mediation
5718,Mediation
5186,Surendettement
5656,Accompagnement
813,Accompagnement
733,Mediation
6164,Surendettement
7485,Mediation
1093,Mediation
7871,Mediation
789,Mediation
5859,Accompagnement
271,Mediation
2584,Mediation
5414,Mediation
4277,Mediation
7593,Mediation
6836,Mediation
1072,Mediation
3842,Mediation
776,Mediation
7440,Mediation
5199,Mediation
1599,Mediation
131,Accompagnement
5964,Mediation
5330,Mediation
3761,Mediation
4437,Accompagnement
3932,Surendettement
4513,Mediation
7148,Mediation
6381,Mediation
2964,Mediation
1300,Mediation
4813,Accompagnement
4581,Accompagnement
7584,Mediation
6711,Mediation
3001,Mediation
7141,Accompagnement
6944,Accompagnement
3148,Surendettement
4136,Mediation
1232,Mediation
5389,Mediation
6363,Mediation
1455,Mediation
5503,Accompagnement
1734,Mediation
252,Mediation
7158,Mediation
1675,Mediation
2929,Mediation
4983,Mediation
437,Mediation
5116,Accompagnement
176,Accompagnement
3941,Mediation
3659,Mediation
5394,Mediation
6665,Mediation
4480,Mediation
4904,Mediation
4441,Mediation
4038,Mediation
4317,Mediation
1793,Mediation
4951,Mediation
1238,Mediation
5333,Surendettement
6067,Accompagnement
6293,Surendettement
895,Mediation
6914,Accompagnement
5724,Accompagnement
484,Mediation
5775,Mediation
658,Accompagnement
1558,Mediation
6174,Mediation
163,Mediation
5083,Mediation
2799,Mediation
665,Mediation
6754,Mediation
7320,Mediation
6179,Mediation
7892,Mediation
5208,Accompagnement
2463,Mediation
6845,Accompagnement
6198,Mediation
7416,Mediation
2816,Mediation
3901,Surendettement
5317,Mediation
6481,Accompagnement
7687,Mediation
2554,Mediation
6531,Accompagnement
6376,Mediation
506,Mediation
672,Surendettement
2147,Mediation
4063,Mediation
5318,Mediation
4331,Mediation
1554,Mediation
7530,Mediation
5393,Accompagnement
3713,Mediation
4937,Accompagnement
3122,Mediation
5406,Mediation
732,Mediation
123,Mediation
6003,Mediation
5539,Mediation
7366,Accompagnement
5396,Accompagnement
2338,Surendettement
2458,Accompagnement
868,Mediation
766,Accompagnement
3685,Surendettement
3582,Accompagnement
23,Accompagnement
5162,Mediation
2255,Mediation
3917,Accompagnement
5982,Mediation
1739,Mediation
253,Mediation
1233,Mediation
4848,Mediation
1031,Mediation
4605,Mediation
962,Mediation
6887,Mediation
7214,Accompagnement
3187,Mediation
1688,Mediation
3729,Mediation
5943,Mediation
7067,Accompagnement
55,Mediation
4535,Accompagnement
6919,Mediation
7633,Accompagnement
4803,Accompagnement
